-- ข้อมูลตั้งต้นคลังคำ (สร้างอัตโนมัติจาก lib/data.js — อย่าแก้มือ)
-- ล้างของเดิมก่อน (idempotent) เฉพาะตาราง wb_
truncate wb_words, wb_subcategories, wb_novels, wb_categories restart identity cascade;

insert into wb_categories (id, name_th, name_en, color, glyph, position, proposed) values
  ('c0','บรรยากาศ แสง สี และสถานที่','Setting & Atmosphere','#5f7f92','๑',0,false),
  ('c1','รูปลักษณ์และลักษณะบุคคล','Character Appearance','#a86a79','๒',1,false),
  ('c2','กริยา ท่าทาง และการเคลื่อนไหว','Action & Body Language','#6f8a56','๓',2,false),
  ('c3','เสียง','Sound Effects','#bd8a3c','๔',3,false),
  ('c4','อารมณ์และความรู้สึก','Emotions & Sensations','#b0563f','๕',4,false),
  ('c5','คำปรุงแต่งและคำอเนกประสงค์','Modifiers','#7c6a99','๖',5,false),
  ('c6','คำทับศัพท์ที่มักสะกดผิด','Loanwords & Spelling','#3f7d6c','๗',6,false),
  ('c7','บุคลิกภาพและลักษณะนิสัย','Personality & Aura','#9a7636','๘',7,false),
  ('c8','อื่น ๆ','Misc','#8a8175','๙',8,false);

insert into wb_novels (title) values
  ('ม่านหมอกยามวิกาล'),
  ('เงาในคฤหาสน์เก่า'),
  ('ราตรีสีเลือด'),
  ('ปลายปากกานักเขียน');

insert into wb_subcategories (category_id, name_th, position) values
  ('c0','แสงและเงา',0),
  ('c0','สี',1),
  ('c0','สภาพแวดล้อมและบรรยากาศ',2),
  ('c0','สถานที่และสิ่งปลูกสร้าง',3),
  ('c0','ความเก่าและความเสียหาย',4),
  ('c0','ธรรมชาติและสภาพอากาศ',5),
  ('c0','ช่วงเวลา',6),
  ('c1','ใบหน้าและโครงหน้า',0),
  ('c1','ดวงตา',1),
  ('c1','ร่างกายและรูปร่าง',2),
  ('c1','เส้นผมและหนวด',3),
  ('c1','สภาพร่างกาย',4),
  ('c1','บาดแผลและร่องรอย',5),
  ('c1','ความตายและความสยดสยอง',6),
  ('c2','สายตาและการมอง',0),
  ('c2','การแสดงออกทางใบหน้าและศีรษะ',1),
  ('c2','การขยับแขนและมือ',2),
  ('c2','การเคลื่อนที่และฝีเท้า',3),
  ('c2','ท่าทางและภาพรวมร่างกาย',4),
  ('c3','เสียงวัตถุและสิ่งก่อสร้าง',0),
  ('c3','เสียงธรรมชาติและของเหลว',1),
  ('c3','เสียงจากการเคลื่อนไหวและร่างกาย',2),
  ('c3','การรับรู้และความดังของเสียง',3),
  ('c3','น้ำเสียงและลักษณะเสียง',4),
  ('c3','การพูดและการเปล่งเสียง',5),
  ('c3','เสียงอารมณ์ที่ไม่ใช่คำพูด',6),
  ('c4','ใจเป็นปกติและเป็นสุข',0),
  ('c4','หวาดกลัวและตื่นตระหนก',1),
  ('c4','ระแวงและสับสน',2),
  ('c4','โกรธและเกลียด',3),
  ('c4','เศร้าและสิ้นหวัง',4),
  ('c4','อาการทางร่างกาย',5),
  ('c4','สภาวะความคิด',6),
  ('c5','ระยะเวลา จังหวะ และความเร็ว',0),
  ('c5','อาการและทิศทางของอารมณ์',1),
  ('c5','สำนวนและคำเปรียบเปรย',2),
  ('c5','เน้นน้ำหนัก',3),
  ('c6','คำทับศัพท์ที่ควรจำ',0),
  ('c7','แข็งกร้าวและดื้อดึง',0),
  ('c7','ขี้กลัวและไม่มั่นคง',1),
  ('c7','การวางตัว',2);

insert into wb_words (text, meaning, category_id, novel, reviewed, created_at) values
  ('เงาดำทะมึน',null,'c0','ม่านหมอกยามวิกาล',true, now() - interval '0 days'),
  ('เงาตะคุ่ม',null,'c0','เงาในคฤหาสน์เก่า',true, now() - interval '13 days'),
  ('หลืบเงา',null,'c0','เงาในคฤหาสน์เก่า',true, now() - interval '26 days'),
  ('ความมืดสลัว',null,'c0','ม่านหมอกยามวิกาล',true, now() - interval '39 days'),
  ('เปลวไฟไหววูบวาบ',null,'c0','ราตรีสีเลือด',true, now() - interval '52 days'),
  ('ฟ้าแลบแปลบปลาบ',null,'c0','ราตรีสีเลือด',true, now() - interval '65 days'),
  ('แสงไฟริบหรี่',null,'c0','ม่านหมอกยามวิกาล',true, now() - interval '78 days'),
  ('โคมไฟระย้า',null,'c0','เงาในคฤหาสน์เก่า',true, now() - interval '91 days'),
  ('เชิงเทียน',null,'c0','เงาในคฤหาสน์เก่า',true, now() - interval '104 days'),
  ('สีดำปี๋',null,'c0','ราตรีสีเลือด',true, now() - interval '117 days'),
  ('ขาวโพลน',null,'c0','ม่านหมอกยามวิกาล',true, now() - interval '130 days'),
  ('สีดอกเลา',null,'c0','เงาในคฤหาสน์เก่า',true, now() - interval '143 days'),
  ('อากาศเย็นชื้นและเหม็นอับ',null,'c0','เงาในคฤหาสน์เก่า',true, now() - interval '156 days'),
  ('โอ่อ่าอลังการ',null,'c0','เงาในคฤหาสน์เก่า',true, now() - interval '169 days'),
  ('ละลานตา',null,'c0','ม่านหมอกยามวิกาล',true, now() - interval '182 days'),
  ('ม่านหมอก','ความคลุมเครือ ความไม่ชัดเจน','c0','ม่านหมอกยามวิกาล',true, now() - interval '195 days'),
  ('ท้องฟ้าขมุกขมัว',null,'c0','ราตรีสีเลือด',true, now() - interval '208 days'),
  ('ความเวิ้งว้างว่างเปล่า',null,'c0','ราตรีสีเลือด',true, now() - interval '11 days'),
  ('โถงทางเดินที่ทอดยาว',null,'c0','เงาในคฤหาสน์เก่า',true, now() - interval '24 days'),
  ('บันไดแคบชัน',null,'c0','เงาในคฤหาสน์เก่า',true, now() - interval '37 days'),
  ('คฤหาสน์ที่ใหญ่โตโอ่หรู',null,'c0','เงาในคฤหาสน์เก่า',true, now() - interval '50 days'),
  ('ละแวกบ้าน',null,'c0','ปลายปากกานักเขียน',true, now() - interval '63 days'),
  ('ซากปรักหักพัง',null,'c0','ราตรีสีเลือด',true, now() - interval '76 days'),
  ('อาคารโย้เย้จวนถล่ม',null,'c0','ราตรีสีเลือด',true, now() - interval '89 days'),
  ('ดวงจันทร์สีซีดคล้อยต่ำ',null,'c0','ม่านหมอกยามวิกาล',true, now() - interval '102 days'),
  ('ฝนกระหน่ำ',null,'c0','ราตรีสีเลือด',true, now() - interval '115 days'),
  ('ยามวิกาล',null,'c0','ม่านหมอกยามวิกาล',true, now() - interval '128 days'),
  ('ดวงอาทิตย์ลับขอบฟ้า',null,'c0','ปลายปากกานักเขียน',true, now() - interval '141 days'),
  ('ใบหน้าผอมเรียวยับย่น',null,'c1','เงาในคฤหาสน์เก่า',true, now() - interval '154 days'),
  ('ใบหน้าซีดเผือด',null,'c1','ราตรีสีเลือด',true, now() - interval '167 days'),
  ('จิ้มลิ้มพริ้มเพรา',null,'c1','ปลายปากกานักเขียน',true, now() - interval '180 days'),
  ('จมูกงุ้มงอเหมือนนกอินทรี',null,'c1','เงาในคฤหาสน์เก่า',true, now() - interval '193 days'),
  ('ริมฝีปากสีแดงจิ้มลิ้ม',null,'c1','ปลายปากกานักเขียน',true, now() - interval '206 days'),
  ('ริมฝีปากหนาซีดขาวไร้เลือด',null,'c1','ราตรีสีเลือด',true, now() - interval '9 days'),
  ('เขี้ยวแหลมคม',null,'c1','ราตรีสีเลือด',true, now() - interval '22 days'),
  ('แก้มตอบ',null,'c1','เงาในคฤหาสน์เก่า',true, now() - interval '35 days'),
  ('ดวงตาเรียวเล็ก',null,'c1','เงาในคฤหาสน์เก่า',true, now() - interval '48 days'),
  ('ดวงตากลมโตเป็นประกาย',null,'c1','ปลายปากกานักเขียน',true, now() - interval '61 days'),
  ('ขอบตาคล้ำจัด',null,'c1','ม่านหมอกยามวิกาล',true, now() - interval '74 days'),
  ('คอระหงขาวนวล',null,'c1','ปลายปากกานักเขียน',true, now() - interval '87 days'),
  ('มืออันหยาบกร้าน',null,'c1','เงาในคฤหาสน์เก่า',true, now() - interval '100 days'),
  ('ร่างสูงล่ำสัน',null,'c1','เงาในคฤหาสน์เก่า',true, now() - interval '113 days'),
  ('ผ่ายผอม',null,'c1','ราตรีสีเลือด',true, now() - interval '126 days'),
  ('ผมขาวโพลน',null,'c1','เงาในคฤหาสน์เก่า',true, now() - interval '139 days'),
  ('ผมยาวสีดอกเลา',null,'c1','เงาในคฤหาสน์เก่า',true, now() - interval '152 days'),
  ('หนวดเครารุงรัง',null,'c1','เงาในคฤหาสน์เก่า',true, now() - interval '165 days'),
  ('ผมยาวสลวยพลิ้ว',null,'c1','ปลายปากกานักเขียน',true, now() - interval '178 days'),
  ('สารรูปทรุดโทรม',null,'c1','ราตรีสีเลือด',true, now() - interval '191 days'),
  ('บาดแผลเหวอะหวะ',null,'c1','ราตรีสีเลือด',true, now() - interval '204 days'),
  ('ใบหน้าโชกเลือด',null,'c1','ราตรีสีเลือด',true, now() - interval '7 days'),
  ('แผลฉกรรจ์',null,'c1','ราตรีสีเลือด',true, now() - interval '20 days'),
  ('ร่างไร้วิญญาณ',null,'c1','ราตรีสีเลือด',true, now() - interval '33 days'),
  ('กวาดตา',null,'c2','ม่านหมอกยามวิกาล',true, now() - interval '46 days'),
  ('ช้อนสายตาขึ้น',null,'c2','ปลายปากกานักเขียน',true, now() - interval '59 days'),
  ('หลุบตาต่ำ',null,'c2','ปลายปากกานักเขียน',true, now() - interval '72 days'),
  ('ชำเลือง',null,'c2','ม่านหมอกยามวิกาล',true, now() - interval '85 days'),
  ('จับจ้อง',null,'c2','ม่านหมอกยามวิกาล',true, now() - interval '98 days'),
  ('เหลียวมอง',null,'c2','ม่านหมอกยามวิกาล',true, now() - interval '111 days'),
  ('ลอบมอง',null,'c2','เงาในคฤหาสน์เก่า',true, now() - interval '124 days'),
  ('เพ่งมอง',null,'c2','ม่านหมอกยามวิกาล',true, now() - interval '137 days'),
  ('ตาเบิกกว้าง',null,'c2','ราตรีสีเลือด',true, now() - interval '150 days'),
  ('จ้องเขม็ง',null,'c2','ราตรีสีเลือด',true, now() - interval '163 days'),
  ('ถลึงตาตอบ',null,'c2','ราตรีสีเลือด',true, now() - interval '176 days'),
  ('หรี่ตาตอบ',null,'c2','เงาในคฤหาสน์เก่า',true, now() - interval '189 days'),
  ('เม้มปากแน่น',null,'c2','ปลายปากกานักเขียน',true, now() - interval '202 days'),
  ('กัดฟันแน่น',null,'c2','ราตรีสีเลือด',true, now() - interval '5 days'),
  ('เลิกคิ้ว',null,'c2','ปลายปากกานักเขียน',true, now() - interval '18 days'),
  ('ก้มหน้างุด',null,'c2','เงาในคฤหาสน์เก่า',true, now() - interval '31 days'),
  ('พยักหน้าหงึกๆ',null,'c2','ม่านหมอกยามวิกาล',true, now() - interval '44 days'),
  ('ส่ายศีรษะ',null,'c2','ม่านหมอกยามวิกาล',true, now() - interval '57 days'),
  ('ขมวดคิ้ว',null,'c2','ราตรีสีเลือด',true, now() - interval '70 days'),
  ('ยิ้มอย่างอ่อนโยน',null,'c2','ปลายปากกานักเขียน',true, now() - interval '83 days'),
  ('กระชากมือ',null,'c2','ราตรีสีเลือด',true, now() - interval '96 days'),
  ('โอบอุ้ม',null,'c2','ปลายปากกานักเขียน',true, now() - interval '109 days'),
  ('พยุงให้ลุกขึ้น',null,'c2','ปลายปากกานักเขียน',true, now() - interval '122 days'),
  ('ฉุดลาก',null,'c2','ราตรีสีเลือด',true, now() - interval '135 days'),
  ('เร่งฝีเท้า',null,'c2','ราตรีสีเลือด',true, now() - interval '148 days'),
  ('วิ่งปราด',null,'c2','ราตรีสีเลือด',true, now() - interval '161 days'),
  ('ผลุนผลันออกจากห้อง',null,'c2','เงาในคฤหาสน์เก่า',true, now() - interval '174 days'),
  ('กระโจน',null,'c2','ราตรีสีเลือด',true, now() - interval '187 days'),
  ('เดินโซเซ',null,'c2','ราตรีสีเลือด',true, now() - interval '200 days'),
  ('ทรุดตัวลงนั่ง',null,'c2','ม่านหมอกยามวิกาล',true, now() - interval '3 days'),
  ('หันขวับ',null,'c2','เงาในคฤหาสน์เก่า',true, now() - interval '16 days'),
  ('ชะงักกลางคัน',null,'c2','เงาในคฤหาสน์เก่า',true, now() - interval '29 days'),
  ('ผงะถอยหลัง',null,'c2','ราตรีสีเลือด',true, now() - interval '42 days'),
  ('ย่องอย่างเงียบกริบ',null,'c2','เงาในคฤหาสน์เก่า',true, now() - interval '55 days'),
  ('นั่งคุดคู้',null,'c2','ม่านหมอกยามวิกาล',true, now() - interval '68 days'),
  ('เดินอย่างระมัดระวังทุกฝีก้าว',null,'c2','เงาในคฤหาสน์เก่า',true, now() - interval '81 days'),
  ('เหลียวไปมองข้างหลัง',null,'c2','เงาในคฤหาสน์เก่า',true, now() - interval '94 days'),
  ('เสียงพื้นไม้ลั่นเอี๊ยดอ๊าด',null,'c3','เงาในคฤหาสน์เก่า',true, now() - interval '107 days'),
  ('เสียงไม้หักดังกร๊อบ',null,'c3','ราตรีสีเลือด',true, now() - interval '120 days'),
  ('ดังกรอบแกรบ',null,'c3','ราตรีสีเลือด',true, now() - interval '133 days'),
  ('ส่งเสียงครืดคราด',null,'c3','เงาในคฤหาสน์เก่า',true, now() - interval '146 days'),
  ('ครึกโครม',null,'c3','ราตรีสีเลือด',true, now() - interval '159 days'),
  ('ปิดดังปัง',null,'c3','ม่านหมอกยามวิกาล',true, now() - interval '172 days'),
  ('หล่นตุ้บ',null,'c3','ม่านหมอกยามวิกาล',true, now() - interval '185 days'),
  ('ส่งเสียงซู่ซ่า',null,'c3','ราตรีสีเลือด',true, now() - interval '198 days'),
  ('เสียงน้ำหยดติ๋งๆ',null,'c3','เงาในคฤหาสน์เก่า',true, now() - interval '1 days'),
  ('ท้องฟ้าคำรามเสียงดังลั่น',null,'c3','ราตรีสีเลือด',true, now() - interval '14 days'),
  ('เสียงฝีเท้า',null,'c3','เงาในคฤหาสน์เก่า',true, now() - interval '27 days'),
  ('สวบสาบ',null,'c3','เงาในคฤหาสน์เก่า',true, now() - interval '40 days'),
  ('ดังระงม','ดังไปทั่ว','c3','ม่านหมอกยามวิกาล',true, now() - interval '53 days'),
  ('ดังแว่ว','ดังมาจากที่ไกลๆ','c3','ม่านหมอกยามวิกาล',true, now() - interval '66 days'),
  ('เสียงแหบพร่า',null,'c3','ราตรีสีเลือด',true, now() - interval '79 days'),
  ('เสียงสั่นเครือ',null,'c3','ปลายปากกานักเขียน',true, now() - interval '92 days'),
  ('น้ำเสียงเฉียบขาด',null,'c3','ม่านหมอกยามวิกาล',true, now() - interval '105 days'),
  ('กระซิบกระซาบ',null,'c3','ปลายปากกานักเขียน',true, now() - interval '118 days'),
  ('บ่นพึมพำ',null,'c3','ม่านหมอกยามวิกาล',true, now() - interval '131 days'),
  ('แผดเสียง',null,'c3','ราตรีสีเลือด',true, now() - interval '144 days'),
  ('กรีดร้องโหยหวน',null,'c3','ราตรีสีเลือด',true, now() - interval '157 days'),
  ('ตวาดเสียงดังกึกก้อง',null,'c3','ราตรีสีเลือด',true, now() - interval '170 days'),
  ('ร้องโอดโอย',null,'c3','ราตรีสีเลือด',true, now() - interval '183 days'),
  ('นอนครวญคราง',null,'c3','ราตรีสีเลือด',true, now() - interval '196 days'),
  ('เสียงสะอื้น',null,'c3','ม่านหมอกยามวิกาล',true, now() - interval '209 days'),
  ('ถอนหายใจเฮือกใหญ่',null,'c3','ปลายปากกานักเขียน',true, now() - interval '12 days'),
  ('เสียงโหยหวนชวนขนลุก',null,'c3','ราตรีสีเลือด',true, now() - interval '25 days'),
  ('กระปรี้กระเปร่า',null,'c4','ปลายปากกานักเขียน',true, now() - interval '38 days'),
  ('น่ารื่นรมย์',null,'c4','ปลายปากกานักเขียน',true, now() - interval '51 days'),
  ('เป็นห่วงเป็นใย',null,'c4','ปลายปากกานักเขียน',true, now() - interval '64 days'),
  ('รักใคร่เอ็นดู',null,'c4','ปลายปากกานักเขียน',true, now() - interval '77 days'),
  ('บริสุทธิ์ผุดผ่อง',null,'c4','ปลายปากกานักเขียน',true, now() - interval '90 days'),
  ('สงบเสงี่ยม',null,'c4','ปลายปากกานักเขียน',true, now() - interval '103 days'),
  ('ตื่นตระหนก',null,'c4','ราตรีสีเลือด',true, now() - interval '116 days'),
  ('ลนลาน',null,'c4','ราตรีสีเลือด',true, now() - interval '129 days'),
  ('เสียวสันหลังวาบ',null,'c4','ราตรีสีเลือด',true, now() - interval '142 days'),
  ('สยดสยอง',null,'c4','ราตรีสีเลือด',true, now() - interval '155 days'),
  ('ขวัญหนีดีฝ่อ',null,'c4','ราตรีสีเลือด',true, now() - interval '168 days'),
  ('ใจปลาซิว','ขี้กลัว','c4','เงาในคฤหาสน์เก่า',true, now() - interval '181 days'),
  ('ช็อกสุดขีด',null,'c4','ราตรีสีเลือด',true, now() - interval '194 days'),
  ('สังหรณ์ใจ',null,'c4','ม่านหมอกยามวิกาล',true, now() - interval '207 days'),
  ('หนักอึ้งอยู่ในใจ',null,'c4','ม่านหมอกยามวิกาล',true, now() - interval '10 days'),
  ('สับสนปนเป',null,'c4','ม่านหมอกยามวิกาล',true, now() - interval '23 days'),
  ('ร้อนรน',null,'c4','ม่านหมอกยามวิกาล',true, now() - interval '36 days'),
  ('ว้าวุ่น',null,'c4','ม่านหมอกยามวิกาล',true, now() - interval '49 days'),
  ('ลังเล',null,'c4','ม่านหมอกยามวิกาล',true, now() - interval '62 days'),
  ('อารมณ์เกรี้ยวกราด',null,'c4','ราตรีสีเลือด',true, now() - interval '75 days'),
  ('เกลียดชัง',null,'c4','ราตรีสีเลือด',true, now() - interval '88 days'),
  ('อาฆาตมาดร้าย',null,'c4','ราตรีสีเลือด',true, now() - interval '101 days'),
  ('เหี้ยมโหด',null,'c4','ราตรีสีเลือด',true, now() - interval '114 days'),
  ('ไร้ความปรานี',null,'c4','ราตรีสีเลือด',true, now() - interval '127 days'),
  ('ทุกข์ระทม',null,'c4','ปลายปากกานักเขียน',true, now() - interval '140 days'),
  ('โศกเศร้า',null,'c4','ปลายปากกานักเขียน',true, now() - interval '153 days'),
  ('สิ้นแรงขัดขืน',null,'c4','ราตรีสีเลือด',true, now() - interval '166 days'),
  ('จนปัญญา',null,'c4','ม่านหมอกยามวิกาล',true, now() - interval '179 days'),
  ('ล่องลอยเคว้งคว้าง',null,'c4','ปลายปากกานักเขียน',true, now() - interval '192 days'),
  ('ตัวสั่นสะท้าน',null,'c4','ราตรีสีเลือด',true, now() - interval '205 days'),
  ('ขนลุกเกรียว',null,'c4','ราตรีสีเลือด',true, now() - interval '8 days'),
  ('มือเย็นเฉียบ',null,'c4','ราตรีสีเลือด',true, now() - interval '21 days'),
  ('เจ็บแปลบ',null,'c4','ราตรีสีเลือด',true, now() - interval '34 days'),
  ('คลื่นเหียนวิงเวียน',null,'c4','ราตรีสีเลือด',true, now() - interval '47 days'),
  ('อ่อนเปลี้ยเพลียแรง',null,'c4','ราตรีสีเลือด',true, now() - interval '60 days'),
  ('ครุ่นคิด',null,'c4','ม่านหมอกยามวิกาล',true, now() - interval '73 days'),
  ('ผ่านไปแค่อึดใจเดียว',null,'c5','ปลายปากกานักเขียน',true, now() - interval '86 days'),
  ('หลายอึดใจ',null,'c5','ปลายปากกานักเขียน',true, now() - interval '99 days'),
  ('ครั้งคราว',null,'c5','ม่านหมอกยามวิกาล',true, now() - interval '112 days'),
  ('ซ้ำแล้วซ้ำอีก',null,'c5','ม่านหมอกยามวิกาล',true, now() - interval '125 days'),
  ('พร้อมเพรียงกัน',null,'c5','ม่านหมอกยามวิกาล',true, now() - interval '138 days'),
  ('ผลีผลาม',null,'c5','เงาในคฤหาสน์เก่า',true, now() - interval '151 days'),
  ('ฉุกละหุก',null,'c5','เงาในคฤหาสน์เก่า',true, now() - interval '164 days'),
  ('ไม่ทันกาล',null,'c5','เงาในคฤหาสน์เก่า',true, now() - interval '177 days'),
  ('ต่อหน้าต่อตา',null,'c5','เงาในคฤหาสน์เก่า',true, now() - interval '190 days'),
  ('แต่ไหนแต่ไร',null,'c5','ปลายปากกานักเขียน',true, now() - interval '203 days'),
  ('หายสาบสูญ',null,'c5','เงาในคฤหาสน์เก่า',true, now() - interval '6 days'),
  ('ระคน','รู้สึกปนกัน','c5','ม่านหมอกยามวิกาล',true, now() - interval '19 days'),
  ('แผ่ซ่าน',null,'c5','ราตรีสีเลือด',true, now() - interval '32 days'),
  ('ประดังประเด','ความรู้สึกรุมเร้าเข้ามา','c5','ราตรีสีเลือด',true, now() - interval '45 days'),
  ('หายวับไปกับตา',null,'c5','เงาในคฤหาสน์เก่า',true, now() - interval '58 days'),
  ('จับต้นชนปลายไม่ถูก',null,'c5','เงาในคฤหาสน์เก่า',true, now() - interval '71 days'),
  ('คว้าน้ำเหลว',null,'c5','เงาในคฤหาสน์เก่า',true, now() - interval '84 days'),
  ('เหลือบ่ากว่าแรง',null,'c5','ม่านหมอกยามวิกาล',true, now() - interval '97 days'),
  ('จุดพลิกผัน',null,'c5','เงาในคฤหาสน์เก่า',true, now() - interval '110 days'),
  ('มูลความจริง',null,'c5','เงาในคฤหาสน์เก่า',true, now() - interval '123 days'),
  ('วาระสุดท้าย',null,'c5','ราตรีสีเลือด',true, now() - interval '136 days'),
  ('หายนภัย',null,'c5','ราตรีสีเลือด',true, now() - interval '149 days'),
  ('จริงดังคาด',null,'c5','เงาในคฤหาสน์เก่า',true, now() - interval '162 days'),
  ('ถอนรากถอนโคน',null,'c5','ราตรีสีเลือด',true, now() - interval '175 days'),
  ('ฆาตกรกระหายเลือด',null,'c5','ราตรีสีเลือด',true, now() - interval '188 days'),
  ('ลึกลับซ่อนเร้น',null,'c5','เงาในคฤหาสน์เก่า',true, now() - interval '201 days'),
  ('พิลึกพิลั่น',null,'c5','ราตรีสีเลือด',true, now() - interval '4 days'),
  ('เรื่องคอขาดบาดตาย',null,'c5','ราตรีสีเลือด',true, now() - interval '17 days'),
  ('เอาเป็นเอาตาย',null,'c5','ราตรีสีเลือด',true, now() - interval '30 days'),
  ('ดันทุรัง',null,'c5','เงาในคฤหาสน์เก่า',true, now() - interval '43 days'),
  ('ทวีความรุนแรง',null,'c5','ราตรีสีเลือด',true, now() - interval '56 days'),
  ('สตาร์ตรถ','เขียนถูก: สตาร์ต (start) ไม่ใช่ สตาร์ท','c6','ปลายปากกานักเขียน',true, now() - interval '69 days'),
  ('เวอร์','มาจาก over ใช้ในภาษาพูด','c6','ปลายปากกานักเขียน',true, now() - interval '82 days'),
  ('โทร.','คำย่อ มีจุดข้างหลัง','c6','ปลายปากกานักเขียน',true, now() - interval '95 days'),
  ('ช็อก','Shock ไม่ใช่ ช็อค','c6','ราตรีสีเลือด',true, now() - interval '108 days'),
  ('ล็อก','Lock ไม่ใช่ ล็อค','c6','ปลายปากกานักเขียน',true, now() - interval '121 days'),
  ('เบรก','Brake ไม่ใช่ เบรค','c6','ปลายปากกานักเขียน',true, now() - interval '134 days'),
  ('อีเมล','Email ไม่ใช่ อีเมลล์','c6','ปลายปากกานักเขียน',true, now() - interval '147 days'),
  ('แก๊ง','Gang ไม่ใช่ แก๊งค์','c6','ปลายปากกานักเขียน',true, now() - interval '160 days'),
  ('คุกกี้','Cookie','c6','ปลายปากกานักเขียน',true, now() - interval '173 days'),
  ('เว็บไซต์','Website','c6','ปลายปากกานักเขียน',true, now() - interval '186 days'),
  ('กราฟ','Graph','c6','ปลายปากกานักเขียน',true, now() - interval '199 days'),
  ('เชิ้ต','Shirt','c6','ปลายปากกานักเขียน',true, now() - interval '2 days'),
  ('แข็งกร้าว',null,'c7','ราตรีสีเลือด',true, now() - interval '15 days'),
  ('เข้มงวดกวดขัน',null,'c7','เงาในคฤหาสน์เก่า',true, now() - interval '28 days'),
  ('เด็กหัวรั้น',null,'c7','เงาในคฤหาสน์เก่า',true, now() - interval '41 days'),
  ('ท่าทางแข็งกระด้าง',null,'c7','เงาในคฤหาสน์เก่า',true, now() - interval '54 days'),
  ('วางท่าน่าเกรงขาม',null,'c7','เงาในคฤหาสน์เก่า',true, now() - interval '67 days'),
  ('จองหอง',null,'c7','เงาในคฤหาสน์เก่า',true, now() - interval '80 days'),
  ('เจ้ากี้เจ้าการ',null,'c7','เงาในคฤหาสน์เก่า',true, now() - interval '93 days'),
  ('ดื้อดึง',null,'c7','เงาในคฤหาสน์เก่า',true, now() - interval '106 days'),
  ('ล่อกแล่ก',null,'c7','เงาในคฤหาสน์เก่า',true, now() - interval '119 days'),
  ('คลอนแคลน','จิตใจไม่มั่นคง','c7','ม่านหมอกยามวิกาล',true, now() - interval '132 days'),
  ('เจียมเนื้อเจียมตัว',null,'c7','ปลายปากกานักเขียน',true, now() - interval '145 days'),
  ('สงบเสงี่ยม',null,'c7','ปลายปากกานักเขียน',true, now() - interval '158 days'),
  ('ประพฤติตัว',null,'c7','ปลายปากกานักเขียน',true, now() - interval '171 days');

